[
    {
       
        "title": "Job ID",
        "field": "requisitionId"
    },
    {
        "title":"Business Unit",
        "field":"departmentName",
        "defaultGroupOrder": 0
    },
    {
        "title":"Client",
        "field":"clientName"
    },
    {
        "title":"Project",
        "field":"projectName"
    },
    {
        "title":"Job Title",
        "field": "jobTitle"
    },
    {
        "title":"Technology",
        "field":"technology"
    },
    {
        "title":"Role",
        "field":"role"
    },
    {
        "title":"Work Location",
        "field": "workLocation"
    },
    {
        "title":"Experience",
        "field":"yoe"
    },
    {
        "title":"Job Status",
        "field": "rrfStatus"
    },
    {
        "title":"Workflow Status",
        "field": "workflowStatus"
    },
    {
        "title":"Positions",
        "field": "positions"
    },
    {
        "title" : "Working Hours",
        "field" : "workingHours"
    },
    {
        "title" : "Raised Date",
        "field" : "raisedOn",
        "type": "date",
        "dateSetting": { "locale": "en-GB" }
    },
   
    {
        "title":"Ageing",
        "field":"ageing"
    }

]
